doc_id,obra_id,author,title,year,lang,traduccio,variant,source_file,n_paragraphs
doc_000030,30,"Bertrana, Prudenci",Les ales d'Ernestina,1921,LIT,no,central,000030_Les_ales_d_Ernestina.out.txt,665
doc_000041,41,"Alcover, Joan",Poemes bíblics,1918,LIT,no,baleàric,000041_Poemes_biblics.out.txt,158
doc_000054,54,"Oller, Narcís",La papallona,1882,LIT,no,central,000054_La_papallona.out.txt,915
doc_000057,57,Anònim,La Xinxa,1869,LIT,no,central,000057_La_Xinxa.out.txt,1371
doc_000059,59,"Fius i Palà, Maurici",L'incéndi de Manresa,1890,LIT,no,central,000059_L_incendi_de_Manresa.out.txt,83
doc_000060,60,"Burguet i Codoñer, Joan Baptista",¿Ahon está el lladre?,1880,LIT,no,valencià,000060_Ahon_esta_el_lladre.out.txt,258
doc_000061,61,"Verdú, Josep; Palà Marquillas, Miquel M.",¡Tanner!,1880,LIT,no,central,000061_Tanner.out.txt,51
doc_000092,92,"Bofill i Mates, Jaume",L'altra concòrdia,1930,LIT,no,central,000092_L_altra_concordia.out.txt,205
doc_000093,93,"Rusiñol, Santiago",En Josepet de Sant Celoni,1917,LIT,no,central,000093_En_Josepet_de_Sant_Celoni.out.txt,567
doc_000098,98,"Rusiñol, Santiago",L'illa de la calma,1922,LIT,no,central,000098_L_illa_de_la_calma.out.txt,807
doc_000110,110,"Oller, Narcís",Rurals y urbanes,1916,LIT,no,central,000110_Rurals_y_urbanes.out.txt,903
doc_000113,113,"Bertrana, Prudenci",El meu amic Pellini,1923,LIT,no,central,000113_El_meu_amic_Pellini.out.txt,585
doc_000115,115,"Monserdà, Dolors",María Gloria,1917,LIT,no,central,000115_Maria_Gloria.out.txt,703
doc_000120,120,"Massó i Torrents, Jaume",Croquis pirenencs,1921,LIT,no,central,000120_Croquis_pirenencs.out.txt,625
doc_000128,128,"Corominas, Pere",Les gràcies de l'Empordà,1919,LIT,no,central,000128_Les_gracies_de_l_Emporda.out.txt,64
doc_000133,133,"Plana, Alexandre",A l'ombra de Santa Maria del Mar,1923,LIT,no,nord-occidental,000133_A_l_ombra_de_Santa_Maria_del_Mar.out.txt,517
doc_000134,134,"Ruyra, Joaquim",La parada,1919,LIT,no,central,000134_La_parada.out.txt,619
doc_000137,137,"Gener, Pompeu",La taverna intel·lectual,1917,LIT,no,central,000137_La_taverna_intellectual.out.txt,116
doc_000141,141,"Clascar, Frederic",L'Èxode,1925,LIT,sí,central,000141_L_exode.out.txt,815
doc_000145,145,"Corominas, Pere",Jardins de Sant Pol,1927,LIT,no,central,000145_Jardins_de_Sant_Pol.out.txt,348
doc_000146,146,"Bertrana, Prudenci",L'ós benemèrit i altres bèsties,1932,LIT,no,central,000146_L_os_benemerit_i_altres_besties.out.txt,370
doc_000147,147,"Clascar, Frederic",El Gènesi,1914,LIT,sí,central,000147_El_Genesi.out.txt,521
doc_000148,148,"Casellas, Raimon",Etapes estètiques,1916,LIT,no,central,000148_Etapes_estetiques.out.txt,312
doc_000151,151,"Clascar, Frederic",El Càntic dels Càntics de Salomó,1918,LIT,sí,central,000151_El_Cantic_dels_Cantics_de_Salomo.out.txt,118
doc_000153,153,"Corominas, Pere","Pina, la italiana del dancing",1933,LIT,no,central,000153_Pina_la_italiana_del_dancing.out.txt,293
doc_000154,154,"Rusiñol, Santiago",Màximes i mals pensaments,1927,LIT,no,central,000154_Maximes_i_mals_pensaments.out.txt,200
doc_000156,156,"Poal i Aragall, Miquel",Ço que deu ésser el feminisme,1915,LIT,no,central,000156_co_que_deu_esser_el_feminisme.out.txt,85
doc_000158,158,"Ruyra, Joaquim",L'idil·li d'en Temme,1920,LIT,no,central,000158_L_idilli_d_en_Temme.out.txt,323
doc_000159,159,"Collell, Jaume",Memories d'un noy de Vich,1908,LIT,no,central,000159_Memories_d_un_noy_de_Vich.out.txt,87
doc_000160,160,"Alcover, Joan",Cultura de llenguatge,1916,LIT,no,baleàric,000160_Cultura_de_llenguatge.out.txt,46
doc_000161,161,"Crexells, Joan","Diàlegs, I",1924,LIT,sí,central,000161_Dialegs_I.out.txt,493
doc_000164,164,"Bertrana, Prudenci",L'hereu,1931,LIT,no,central,000164_L_hereu.out.txt,947
doc_000169,169,"Raventós i Domènech, Jaume",Memòries d'un cabaler,1932,LIT,no,central,000169_Memories_d_un_cabaler.out.txt,1150
doc_000184,184,"Corominas, Pere","Les dites i facècies de l'estrenu filàntrop en Tomàs de Bajalta. II, Pigmalió",1928,LIT,no,central,000184_Les_dites_i_facecies_de_l_estrenu_filant.out.txt,743
doc_000223,223,"Ruyra, Joaquim",Les coses benignes,1925,LIT,no,central,000223_Les_coses_benignes.out.txt,454
doc_000378,378,"Pascual Tirado, Josep",De la meua garbera,1935,LIT,no,valencià,000378_De_la_meua_garbera.out.txt,1148
doc_000384,384,"Poblet, Josep Maria",Records vells i històries noves,1941,LIT,no,central,000384_Records_vells_i_histories_noves.out.txt,237
doc_000387,387,"Bertrana, Prudenci",L'impenitent,1948,LIT,no,central,000387_L_impenitent.out.txt,931
doc_001262,1262,"Maseras i Galtés, Alfons",Interpretacions i motius,1919,LIT,no,central,001262_Interpretacions_i_motius.out.txt,236
doc_001338,1338,"Maseras i Galtés, Alfons",La intel·ligència de les flors,1930,LIT,sí,central,001338_La_intelligencia_de_les_flors.out.txt,83
doc_001405,1405,"Corominas, Pere",L'esperit de finesa,1930,LIT,no,central,001405_L_esperit_de_finesa.out.txt,98
doc_002447,2447,"Iglésies i Guizard, Josep",Segarrenques,1917,LIT,no,central,002447_Segarrenques.out.txt,395
doc_002448,2448,"Bofill i Mates, Jaume",La ciutat d'ivori,1918,LIT,no,central,002448_La_ciutat_d_ivori.out.txt,103
doc_002449,2449,"Folguera, Joaquim",El poema espars,1917,LIT,no,central,002449_El_poema_espars.out.txt,89
doc_002581,2581,"Bofill i Mates, Jaume",Ofrena rural,1926,LIT,no,central,002581_Ofrena_rural.out.txt,128
doc_002601,2601,"Salvat-Papasseit, Joan",La gesta dels estels,1922,LIT,no,central,002601_La_gesta_dels_estels.out.txt,196
doc_002602,2602,"Salvat-Papasseit, Joan","L'irradiador del port, i les gavines",1921,LIT,no,central,002602_L_irradiador_del_port_i_les_gavines.out.txt,115
doc_002604,2604,"Bofill i Mates, Jaume",Selvatana amor,1920,LIT,no,central,002604_Selvatana_amor.out.txt,184
doc_002620,2620,"Rosselló-Pòrcel, Bartomeu",Imitació del foc,1938,LIT,no,baleàric,002620_Imitacio_del_foc.out.txt,106
doc_002660,2660,"Bofill i Mates, Jaume",Sàtires,1929,LIT,no,central,002660_Satires.out.txt,797
doc_002676,2676,"Torres, Màrius",Poesies,1947,LIT,no,nord-occidental,002676_Poesies.out.txt,412
doc_002702,2702,"Oller, Narcís",Al llapis y a la ploma,1918,LIT,no,central,002702_Al_llapis_y_a_la_ploma.out.txt,929
doc_002710,2710,"Morera Galícia, Magí",Coriolà,1915,LIT,sí,nord-occidental,002710_Coriola.out.txt,948
doc_002711,2711,"Aguiló i Cortès, Tomàs",Mes pert l'avariciós que l'abondós,1851,LIT,no,baleàric,002711_Mes_pert_l_avaricios_que_l_abondos.out.txt,139
doc_002712,2712,"Mut, Tomàs",Entremes d'en Roagó Florit y na Faldó,1846,LIT,no,baleàric,002712_Entremes_d_en_Roago_Florit_y_na_Faldo.out.txt,343
doc_002713,2713,"Cortada i Sala, Joan",La noya fugitiva,1834,LIT,sí,central,002713_La_noya_fugitiva.out.txt,59
doc_002720,2720,"Roure, Conrad",La marmota,1887,LIT,no,central,002720_La_marmota.out.txt,307
doc_002721,2721,"Roure, Conrad",Lo castell y la masia,1891,LIT,no,central,002721_Lo_castell_y_la_masia.out.txt,818
doc_002722,2722,"Roure, Conrad; Urgell, Modest",Passions funestas,1898,LIT,no,central,002722_Passions_funestas.out.txt,818
doc_002723,2723,"Roure, Conrad",La casamentera,1894,LIT,no,central,002723_La_casamentera.out.txt,462
doc_002724,2724,"Roure, Conrad",¡13!,1897,LIT,no,central,002724_13.out.txt,371
doc_002725,2725,"Roure, Conrad",Matrimonis á Montserrat,1896,LIT,no,central,002725_Matrimonis_a_Montserrat.out.txt,849
doc_002740,2740,"Guimerà, Àngel",Jesús que torna,1917,LIT,no,central,002740_Jesus_que_torna.out.txt,1282
doc_002744,2744,"Mestres, Apel·les",La barca dels afligits,1916,LIT,no,central,002744_La_barca_dels_afligits.out.txt,273
doc_002772,2772,"Roure, Conrad",Lo quarto dels mals endressos,1894,LIT,no,central,002772_Lo_quarto_dels_mals_endressos.out.txt,251
doc_002835,2835,"Corominas, Pere",De plaer no n'hi ha mai prou,1927,LIT,no,central,002835_De_plaer_no_n_hi_ha_mai_prou.out.txt,410
doc_002848,2848,"Guimerà, Àngel",Joan Dalla,1921,LIT,no,central,002848_Joan_Dalla.out.txt,590
doc_002852,2852,"Maseras i Galtés, Alfons","Jordi Dandin, o el marit confús",1932,LIT,sí,central,002852_Jordi_Dandin_o_el_marit_confus.out.txt,479
doc_002869,2869,"Gual, Adrià",La comedia extraordinaria de l'home que va perdre el temps,1914,LIT,no,central,002869_La_comedia_extraordinaria_de_l_home_que_.out.txt,734
doc_002873,2873,"Rusiñol, Santiago",El senyor Josep falta a la dòna,1915,LIT,no,central,002873_El_senyor_Josep_falta_a_la_dona.out.txt,349
doc_002886,2886,"Corominas, Pere",El perfecte dandi,1940,LIT,no,central,002886_El_perfecte_dandi.out.txt,32
doc_002887,2887,"Corominas, Pere",La Rambla,1940,LIT,no,central,002887_La_Rambla.out.txt,152
doc_002890,2890,"Fages de Romà, Narcís",Cartilla rural en aforismes catalans,1849,LIT,no,central,002890_Cartilla_rural_en_aforismes_catalans.out.txt,530
doc_002896,2896,"Bertrana, Prudenci","Josep II, rei",1934,LIT,no,central,002896_Josep_II_rei.out.txt,442
doc_002920,2920,"Capdevila, Carles",L'home i les armes,1934,LIT,sí,central,002920_L_home_i_les_armes.out.txt,783
doc_002929,2929,"Balaguer, Víctor",Las esposallas de la morta,1879,LIT,no,central,002929_Las_esposallas_de_la_morta.out.txt,192
doc_002932,2932,"Soler, Frederic",La dida,1872,LIT,no,central,002932_La_dida.out.txt,1185
doc_002934,2934,"Rusiñol, Santiago",L'auca del senyor Esteve,1917,LIT,no,central,002934_L_auca_del_senyor_Esteve.out.txt,1162
doc_002937,2937,"Corominas, Pere",El botxí de si mateix,1936,LIT,sí,central,002937_El_botxi_de_si_mateix.out.txt,569
doc_002940,2940,"Picó i Campamar, Ramon",La filla del segador,1914,LIT,no,baleàric,002940_La_filla_del_segador.out.txt,520
doc_002947,2947,"Bertrana, Prudenci",El fantasma de Montcorb,1930,LIT,no,central,002947_El_fantasma_de_Montcorb.out.txt,722
doc_002950,2950,"Maseras i Galtés, Alfons",Guerau i Marta,1932,LIT,no,central,002950_Guerau_i_Marta.out.txt,626
doc_002952,2952,"Rubió i Ors, Joaquim",Luter,1888,LIT,no,central,002952_Luter.out.txt,717
doc_002953,2953,"Balaguer, Víctor",Don Joan de Serrallonga,1868,LIT,no,central,002953_Don_Joan_de_Serrallonga.out.txt,924
doc_002955,2955,"Morera Galícia, Magí",Hàmlet,1920,LIT,sí,nord-occidental,002955_Hamlet.out.txt,972
doc_002974,2974,"Soler, Frederic",La banda de bastardía,1882,LIT,no,central,002974_La_banda_de_bastardia.out.txt,794
doc_002975,2975,"Soler, Frederic",Batalla de reynas,1887,LIT,no,central,002975_Batalla_de_reynas.out.txt,833
doc_002976,2976,"Soler, Frederic",Lo comte l'Arnau,1900,LIT,no,central,002976_Lo_comte_l_Arnau.out.txt,800
doc_002982,2982,"Bofarull, Antoni de",La orfaneta de Menargues ó Catalunya agonisant,1862,LIT,no,central,002982_La_orfaneta_de_Menargues_o_Catalunya_ago.out.txt,3963
doc_002983,2983,"Maspons i Labrós, Francesc","Lo rondallayre, I",1871,LIT,no,central,002983_Lo_rondallayre_I.out.txt,558
doc_002985,2985,Un centinella del any vuit,"Vetlladas a la vora del foch y a la llum de la lluna, I",1871,LIT,no,central,002985_Vetlladas_a_la_vora_del_foch_y_a_la_llum.out.txt,1064
doc_002994,2994,"Rubió i Ors, Joaquim",Assi comensa la historia de un fet de cavalleria,1862,LIT,no,central,002994_Assi_comensa_la_historia_de_un_fet_de_ca.out.txt,87
doc_002995,2995,"Thos i Codina, Terenci",La veu de la castellana,1862,LIT,no,central,002995_La_veu_de_la_castellana.out.txt,35
doc_002996,2996,"Angelon, Manuel",Setse jutjes...,1868,LIT,no,nord-occidental,002996_Setse_jutjes.out.txt,255
doc_002997,2997,"Robrenyo, Josep",El padre Carnot en Guimerà,1835,LIT,no,central,002997_El_padre_Carnot_en_Guimera.out.txt,162
doc_002998,2998,"Terradas, Abdó",Lo rey Micomicó,1838,LIT,no,central,002998_Lo_rey_Micomico.out.txt,190
doc_002999,2999,"Terradas, Abdó",Breu noticia sobre lo rey Micomicó,1838,LIT,no,central,002999_Breu_noticia_sobre_lo_rey_Micomico.out.txt,4
doc_003000,3000,"Oller, Narcís",Pilar Prim,1906,LIT,no,central,003000_Pilar_Prim.out.txt,1463
doc_003003,3003,"Verdaguer, Jacint",Dietari d'un pelegrí á Terra Santa,1889,LIT,no,central,003003_Dietari_d_un_pelegri_a_Terra_Santa.out.txt,438
doc_003004,3004,"Bertrana, Prudenci",Josafat,1906,LIT,no,central,003004_Josafat.out.txt,373
doc_003005,3005,"Briz, Francesc Pelagi",Lo coronel d'Anjou,1872,LIT,no,central,003005_Lo_coronel_d_Anjou.out.txt,1546
doc_003006,3006,"Monserdà, Dolors",La Montserrat,1893,LIT,no,central,003006_La_Montserrat.out.txt,818
doc_003008,3008,"Guinot i Vilar, Salvador",Escenes castelloneses,1905,LIT,no,valencià,003008_Escenes_castelloneses.out.txt,261
doc_003009,3009,"Thos i Codina, Terenci",Lo llibre de l'infantesa,1866,LIT,no,central,003009_Lo_llibre_de_l_infantesa.out.txt,367
doc_003010,3010,"Feliu i Codina, Josep",Lo Bruch,1880,LIT,no,central,003010_Lo_Bruch.out.txt,1118
doc_003011,3011,"Genís i Aguilar, Martí",Julita,1874,LIT,no,central,003011_Julita.out.txt,371
doc_003012,3012,"Briz, Francesc Pelagi",La roja,1876,LIT,no,central,003012_La_roja.out.txt,1424
doc_003013,3013,"Argullol, Josep d'",La guerra,1877,LIT,no,central,003013_La_guerra.out.txt,2477
doc_003014,3014,"Robrenyo, Josep",La calumnia descubierta ó an Batista y la Carmeta,1833,LIT,no,central,003014_La_calumnia_descubierta_o_an_Batista_y_l.out.txt,139
doc_003015,3015,"Robrenyo, Josep",El espatriado en su patria,1833,LIT,no,central,003015_El_espatriado_en_su_patria.out.txt,167
doc_003016,3016,"Robrenyo, Josep","La union ó la tia Sacallona, en las fiestas de Barcelona",1833,LIT,no,central,003016_La_union_o_la_tia_Sacallona_en_las_fiest.out.txt,176
doc_003018,3018,"Penya i Nicolau, Pere d'Alcàntara",Cuentos,1884,LIT,no,baleàric,003018_Cuentos.out.txt,1492
doc_003019,3019,"Querol i de Bofarull, Ferran de",'Clichés',1902,LIT,no,central,003019__Cliches_.out.txt,633
doc_003021,3021,"Vayreda, Marià",Recorts de la darrera carlinada,1898,LIT,no,central,003021_Recorts_de_la_darrera_carlinada.out.txt,455
doc_003022,3022,"Nadal i Canudas, Lluís Bertran",Benet Roure,1887,LIT,no,central,003022_Benet_Roure.out.txt,308
doc_003023,3023,"Rusiñol, Santiago",El poble gris,1902,LIT,no,central,003023_El_poble_gris.out.txt,735
doc_003024,3024,"Vilanova, Emili",Gent de casa,1889,LIT,no,central,003024_Gent_de_casa.out.txt,663
doc_003025,3025,"Oliver, Miquel dels Sants",L'hostal de la Bolla,1903,LIT,no,baleàric,003025_L_hostal_de_la_Bolla.out.txt,275
doc_003029,3029,"Vallmitjana, Juli",Sota Montjuic,1908,LIT,no,central,003029_Sota_Montjuic.out.txt,858
doc_003030,3030,"Pons i Massaveu, Joan",Quadros en prosa,1878,LIT,no,central,003030_Quadros_en_prosa.out.txt,1444
doc_003031,3031,"Berga i Boix, Josep",L'estudiant de la Garrotxa,1895,LIT,no,central,003031_L_estudiant_de_la_Garrotxa.out.txt,323
doc_003033,3033,"Ribera i Rovira, Ignasi",Iberisme,1907,LIT,no,central,003033_Iberisme.out.txt,268
doc_003034,3034,"Pons i Massaveu, Joan",La colla del carrer,1887,LIT,no,central,003034_La_colla_del_carrer.out.txt,1200
doc_003035,3035,"Riera i Bertran, Joaquim",Escenas de la vida pagesa,1878,LIT,no,central,003035_Escenas_de_la_vida_pagesa.out.txt,852
doc_003036,3036,"Casellas, Raimon",Els sots feréstechs,1901,LIT,no,central,003036_Els_sots_ferestechs.out.txt,655
doc_003037,3037,"Fayos Antony, Francesc",Plansons,1882,LIT,no,valencià,003037_Plansons.out.txt,401
doc_003038,3038,"Oller, Narcís",Cróquis del natural,1879,LIT,no,central,003038_Croquis_del_natural.out.txt,362
doc_003039,3039,"Vilanova, Emili",Cuadros populars,1881,LIT,no,central,003039_Cuadros_populars.out.txt,708
doc_003040,3040,"Vilanova, Emili",Escenas barceloninas,1886,LIT,no,central,003040_Escenas_barceloninas.out.txt,717
doc_003042,3042,"Oller, Narcís",La bogería,1898,LIT,no,central,003042_La_bogeria.out.txt,507
doc_003043,3043,"Rosselló i Crespí, Joan",Manyoc de fruita mallorquina,1903,LIT,no,baleàric,003043_Manyoc_de_fruita_mallorquina.out.txt,568
doc_003044,3044,"Oller, Narcís",Vilaniu,1885,LIT,no,central,003044_Vilaniu.out.txt,1618
doc_003045,3045,"Vayreda, Marià",La punyalada,1904,LIT,no,central,003045_La_punyalada.out.txt,916
doc_003046,3046,"Oller, Narcís","La febre d'or, I",1890,LIT,no,central,003046_La_febre_d_or_I.out.txt,787
doc_003047,3047,"Oller, Narcís","La febre d'or, II",1891,LIT,no,central,003047_La_febre_d_or_II.out.txt,1268
doc_003048,3048,"Oller, Narcís","La febre d'or, III",1892,LIT,no,central,003048_La_febre_d_or_III.out.txt,1247
doc_003049,3049,"Febrer i Cardona, Antoni",Damóclês ô el filosóf reinánt,1833,LIT,sí,baleàric,003049_Damocles_o_el_filosof_reinant.out.txt,41
doc_003050,3050,"Febrer i Cardona, Antoni",Joséf intendánt de tota l'Egípta,1833,LIT,sí,baleàric,003050_Josef_intendant_de_tota_l_Egipta.out.txt,59
doc_003051,3051,"Febrer i Cardona, Antoni",Joséf venud per els sèus germáns,1833,LIT,sí,baleàric,003051_Josef_venud_per_els_seus_germans.out.txt,38
doc_003052,3052,"Febrer i Cardona, Antoni",Daniél ô el vertader cúlto de Dèu restablért en l'Oriént,1836,LIT,sí,baleàric,003052_Daniel_o_el_vertader_culto_de_Deu_restab.out.txt,57
doc_003053,3053,"Junoy, Tomàs",Compendi de la historia de Espanya,1839,LIT,no,central,003053_Compendi_de_la_historia_de_Espanya.out.txt,83
doc_003054,3054,"Ginestà Punset, General",La pubilleta del Molins,1896,LIT,no,central,003054_La_pubilleta_del_Molins.out.txt,441
doc_003055,3055,"Ubach i Vinyeta, Francesc",Celistias,1866,LIT,no,central,003055_Celistias.out.txt,193
doc_003056,3056,"Milà i Fontanals, Manuel",La cansó del pros Bernat fill de Ramon,1867,LIT,no,central,003056_La_canso_del_pros_Bernat_fill_de_Ramon.out.txt,9
doc_003057,3057,"Rubió i Ors, Joaquim",Poesias,1858,LIT,no,central,003057_Poesias.out.txt,479
doc_003058,3058,"Pons i Massaveu, Joan",La dama negra,1898,LIT,no,central,003058_La_dama_negra.out.txt,237
doc_003059,3059,"Soler, Frederic",Cuentos de la bora del foch,1867,LIT,no,central,003059_Cuentos_de_la_bora_del_foch.out.txt,372
doc_003061,3061,"Argullol, Josep d'",Lo crit de l'anima,1869,LIT,no,central,003061_Lo_crit_de_l_anima.out.txt,51
doc_003062,3062,"Asensio d'Alcàntara, Joaquim",A la vora del foch,1867,LIT,no,central,003062_A_la_vora_del_foch.out.txt,425
doc_003063,3063,"Riera i Bertran, Joaquim",Los comediants del segon pis,1874,LIT,no,central,003063_Los_comediants_del_segon_pis.out.txt,248
doc_003064,3064,"Masriera i Colomer, Artur",Perlas catalanas,1878,LIT,no,central,003064_Perlas_catalanas.out.txt,191
doc_003065,3065,"Briz, Francesc Pelagi",Lo llibre dels noys,1871,LIT,no,central,003065_Lo_llibre_dels_noys.out.txt,153
doc_003072,3072,"Oller, Narcís",Notas de color,1883,LIT,no,central,003072_Notas_de_color.out.txt,883
doc_003073,3073,"Maura i Montaner, Gabriel",Aygo-forts,1892,LIT,no,baleàric,003073_Aygo-forts.out.txt,633
doc_003075,3075,"Bosch de la Trinxeria, Carles",L'heréu Noradell,1889,LIT,no,septentrional,003075_L_hereu_Noradell.out.txt,1310
doc_003076,3076,"Figuerola i Aldrofeu, Manuel",L'esca del pecat,1890,LIT,no,central,003076_L_esca_del_pecat.out.txt,951
doc_003078,3078,"Careta i Vidal, Antoni",Narracions estranyes,1905,LIT,no,central,003078_Narracions_estranyes.out.txt,751
doc_003082,3082,"Briz, Francesc Pelagi",Fullas,1866,LIT,no,central,003082_Fullas.out.txt,353
doc_003083,3083,"Maspons i Labrós, Maria del Pilar",Poesías catalanas,1874,LIT,no,central,003083_Poesias_catalanas.out.txt,234
doc_003084,3084,"Riera i Bertran, Joaquim",Cent faulas,1880,LIT,no,central,003084_Cent_faulas.out.txt,441
doc_003086,3086,"Costa i Llobera, Miquel",Horacianes,1906,LIT,no,baleàric,003086_Horacianes.out.txt,155
doc_003087,3087,"Ruyra, Joaquim",El país del Pler,1906,LIT,no,central,003087_El_pais_del_Pler.out.txt,71
doc_003088,3088,"Alcover, Joan",Cap al tard,1909,LIT,no,baleàric,003088_Cap_al_tard.out.txt,348
doc_003093,3093,"Verdaguer, Jacint",Jesús infant. Nazareth,1890,LIT,no,central,003093_Jesus_infant_Nazareth.out.txt,162
doc_003094,3094,"Creus i Coromines, Teodor",Set contallas del temps vell,1893,LIT,no,central,003094_Set_contallas_del_temps_vell.out.txt,270
doc_003095,3095,"Ruiz i Pablo, Àngel",Còros,1895,LIT,no,baleàric,003095_Coros.out.txt,22
doc_003096,3096,"Ruiz i Pablo, Àngel",Glosats,1895,LIT,no,baleàric,003096_Glosats.out.txt,23
doc_003097,3097,"Ruiz i Pablo, Àngel",Un bon homo,1895,LIT,no,baleàric,003097_Un_bon_homo.out.txt,32
doc_003098,3098,"Ruiz i Pablo, Àngel",Cansons de fandango,1895,LIT,no,baleàric,003098_Cansons_de_fandango.out.txt,23
doc_003099,3099,"Ruiz i Pablo, Àngel",Carta d'un mahonés,1895,LIT,no,baleàric,003099_Carta_d_un_mahones.out.txt,15
doc_003100,3100,"Ruiz i Pablo, Àngel",Vòts,1895,LIT,no,baleàric,003100_Vots.out.txt,79
doc_003101,3101,"Ruiz i Pablo, Àngel",En Jordi Busques,1895,LIT,no,baleàric,003101_En_Jordi_Busques.out.txt,16
doc_003102,3102,"Ruiz i Pablo, Àngel",Clases pasivas,1895,LIT,no,baleàric,003102_Clases_pasivas.out.txt,63
doc_003103,3103,"Guibernau, Juli Francesc",Guía cómica de la Exposició Universal de Barcelona,1888,LIT,no,central,003103_Guia_comica_de_la_Exposicio_Universal_de.out.txt,214
doc_003104,3104,"Agulló i Vidal, Ferran",Espurnas,1886,LIT,no,central,003104_Espurnas.out.txt,203
doc_003105,3105,"Careta i Vidal, Antoni",Euras,1882,LIT,no,central,003105_Euras.out.txt,589
doc_003106,3106,"Dòria i Bonaplata, Evel·lí",Música vella,1896,LIT,no,central,003106_Musica_vella.out.txt,173
doc_003109,3109,"Caseponce, Esteve",Contes vallespirenchs,1907,LIT,no,septentrional,003109_Contes_vallespirenchs.out.txt,1528
doc_003110,3110,"Navarro, Antoni",Pirinenques,1903,LIT,no,nord-occidental,003110_Pirinenques.out.txt,169
doc_003111,3111,"Martí i Folguera, Josep",Versos catalans,1893,LIT,no,central,003111_Versos_catalans.out.txt,758
doc_003112,3112,"Iglésias, Ignasi",Ofrenes,1902,LIT,no,central,003112_Ofrenes.out.txt,181
doc_003113,3113,"Mestres, Apel·les",Cansons ilustradas,1879,LIT,no,central,003113_Cansons_ilustradas.out.txt,265
doc_003114,3114,"Mestres, Apel·les",Llibre d'horas,1899,LIT,no,central,003114_Llibre_d_horas.out.txt,78
doc_003115,3115,"Verdaguer, Jacint",Canigó,1886,LIT,no,central,003115_Canigo.out.txt,535
doc_003116,3116,"Maragall, Joan",Poesies,1895,LIT,no,central,003116_Poesies.out.txt,107
doc_003118,3118,"Robrenyo, Josep",Lo hermano Buñol,1835,LIT,no,central,003118_Lo_hermano_Bunol.out.txt,245
doc_003119,3119,Anònim,El estudian magich (ó sia) l'anima del Sr. Llibori. Segona part,1845,LIT,no,central,003119_El_estudian_magich_o_sia_l_anima_del_Sr_.out.txt,184
doc_003121,3121,"Tastu, Josep",Los contrabanders,1833,LIT,no,septentrional,003121_Los_contrabanders.out.txt,10
doc_003123,3123,"Crehuet, Pompeu",Fontalegría,1910,LIT,no,central,003123_Fontalegria.out.txt,772
doc_003127,3127,"Carcassona, Bartomeu",¡Angels de Deu!,1867,LIT,no,central,003127_Angels_de_Deu.out.txt,459
doc_003128,3128,"Baró, Teodor",No es or tot lo que llú,1872,LIT,no,central,003128_No_es_or_tot_lo_que_llu.out.txt,383
doc_003129,3129,"Vilanova, Emili",Un sarauista,1897,LIT,no,central,003129_Un_sarauista.out.txt,9
doc_003130,3130,"Casas Pallerol, Jaume",¡Novicis!,1901,LIT,no,central,003130_Novicis.out.txt,250
doc_003131,3131,"Vallmitjana, Juli",L'abella perduda,1910,LIT,no,central,003131_L_abella_perduda.out.txt,124
doc_003132,3132,"Gener, Pompeu",Doctor Stumper,1909,LIT,no,central,003132_Doctor_Stumper.out.txt,123
doc_003133,3133,"Bernat i Baldoví, Josep","El virgo de Visanteta y el alcalde de Favara, ó el parlár bé no costa un pacho",1845,LIT,no,valencià,003133_El_virgo_de_Visanteta_y_el_alcalde_de_Fa.out.txt,178
doc_003134,3134,"Boix i Ricarte, Vicent",Lo toch de somaten,1862,LIT,no,valencià,003134_Lo_toch_de_somaten.out.txt,166
doc_003135,3135,"Ferrà i Perelló, Bartomeu",Els calsons de mestre Lluch ò sia qui no está avesat á dú bragues ses costures li fán llagues,1871,LIT,no,baleàric,003135_Els_calsons_de_mestre_Lluch_o_sia_qui_no.out.txt,500
doc_003136,3136,"Arolas, Joan",Milacre que sen Vicènt Ferrer eixecutá en la portería del convent de Predicadors de esta ciutat de Valencia en el añ 1412,1835,LIT,no,valencià,003136_Milacre_que_sen_Vicent_Ferrer_eixecuta_e.out.txt,45
doc_003137,3137,"Renart i Arús, Francesc","La casa de despesas, ó sea: la calumnia descubierta",1839,LIT,no,central,003137_La_casa_de_despesas_o_sea_la_calumnia_de.out.txt,295
doc_003138,3138,"Garulo i Villel, Josep",Milacre que en el any 1359 obrá el gloriós sant Vicènt Ferrer curant á Tonét Garrigues que patia unes apostemes en el còll,1846,LIT,no,valencià,003138_Milacre_que_en_el_any_1359_obra_el_glori.out.txt,82
doc_003139,3139,"Masriera i Colomer, Artur",Hamlet príncep de Dinamarca,1898,LIT,sí,central,003139_Hamlet_princep_de_Dinamarca.out.txt,1067
doc_003141,3141,"Dimas i Graells, Joaquim",Una nit de carnaval,1862,LIT,no,central,003141_Una_nit_de_carnaval.out.txt,197
doc_003142,3142,"Busquets, Marçal",Qui al cel escup...,1866,LIT,no,central,003142_Qui_al_cel_escup.out.txt,444
doc_003143,3143,"Penya i Nicolau, Pere d'Alcàntara",El cordó de la vila,1866,LIT,no,baleàric,003143_El_cordo_de_la_vila.out.txt,414
doc_003144,3144,"Piquet i Piera, Jaume",¡La infancia de Jesucrist! ó'ls pastorets en Betlehem,1871,LIT,no,central,003144_La_infancia_de_Jesucrist_o_ls_pastorets_.out.txt,745
doc_003145,3145,"Ferrer i Codina, Antoni",¡Africa!,1897,LIT,no,central,003145_Africa.out.txt,1179
doc_003146,3146,"Ferrer i Codina, Antoni",Lo pagés de l'Ampurdá ó flors trasplantadas,1875,LIT,no,central,003146_Lo_pages_de_l_Ampurda_o_flors_trasplanta.out.txt,1026
doc_003147,3147,"Iglésias, Ignasi",El cor del poble,1902,LIT,no,central,003147_El_cor_del_poble.out.txt,1204
doc_003148,3148,"Iglésias, Ignasi",Lladres,1900,LIT,no,central,003148_Lladres.out.txt,282
doc_003150,3150,"Morató i Grau, Josep",El tresor,1912,LIT,no,central,003150_El_tresor.out.txt,812
doc_003152,3152,"Iglésias, Ignasi",La colla d'en Pep Mata o 'Els martirs de l'Inquisició',1908,LIT,no,central,003152_La_colla_d_en_Pep_Mata_o__Els_martirs_de.out.txt,630
doc_003154,3154,"Karr i Alfonsetti, Carme",Els ídols,1911,LIT,no,central,003154_Els_idols.out.txt,182
doc_003156,3156,Anònim,Un pillo y els chics educats en la casa de benefisensia,1846,LIT,no,valencià,003156_Un_pillo_y_els_chics_educats_en_la_casa_.out.txt,269
doc_003157,3157,Anònim,En Pau y la Pepa,1845,LIT,no,central,003157_En_Pau_y_la_Pepa.out.txt,55
doc_003159,3159,"Massó i Torrents, Jaume",La fada,1897,LIT,no,central,003159_La_fada.out.txt,112
doc_003160,3160,"Rusiñol, Santiago",La bona gent,1906,LIT,no,central,003160_La_bona_gent.out.txt,1312
doc_003161,3161,"Vallmitjana, Juli",Els zin-calós,1911,LIT,no,central,003161_Els_zin-calos.out.txt,341
doc_003162,3162,"Brossa i Roger, Jaume",Els sepulcres blancs,1900,LIT,no,central,003162_Els_sepulcres_blancs.out.txt,540
doc_003163,3163,"Oller, Narcís",L'escanya-pobres,1884,LIT,no,central,003163_L_escanya-pobres.out.txt,336
doc_003164,3164,"Riera i Bertran, Joaquim",Bernat pescayre,1875,LIT,no,central,003164_Bernat_pescayre.out.txt,503
doc_003165,3165,"Gual, Adrià",L'emigrant,1901,LIT,no,central,003165_L_emigrant.out.txt,843
doc_003166,3166,"Urgell, Modest","Lluny dels ulls, aprop del cor",1898,LIT,no,central,003166_Lluny_dels_ulls_aprop_del_cor.out.txt,455
doc_003167,3167,"Pirozzini i Martí, Felip",Plogut del cel,1877,LIT,no,central,003167_Plogut_del_cel.out.txt,276
doc_003168,3168,"Gras i Ballvé, Pere",Isabet Besora la pastoreta ó ja sía la peste de Reus de 1592,1857,LIT,no,central,003168_Isabet_Besora_la_pastoreta_o_ja_sia_la_p.out.txt,282
doc_003170,3170,"Gual, Adrià",La pobra Berta,1909,LIT,no,central,003170_La_pobra_Berta.out.txt,733
doc_003171,3171,"Alomar, Gabriel",El futurisme,1905,LIT,no,baleàric,003171_El_futurisme.out.txt,66
doc_003172,3172,"Guimerà, Àngel",Gala Placidia,1879,LIT,no,central,003172_Gala_Placidia.out.txt,701
doc_003173,3173,"Cavallé, Pere",Aubada i posta,1906,LIT,no,central,003173_Aubada_i_posta.out.txt,564
doc_003174,3174,"Penya i Nicolau, Pere d'Alcàntara",La peste gròga,1890,LIT,no,baleàric,003174_La_peste_groga.out.txt,215
doc_003176,3176,"Lladró i Mallí, Ramon",Á deshora de la nit,1888,LIT,no,valencià,003176_a_deshora_de_la_nit.out.txt,318
doc_003181,3181,"Vidal i Rosich, Plàcid",Somni de primavera,1911,LIT,no,central,003181_Somni_de_primavera.out.txt,185
doc_003182,3182,"Ventalló i Vintró, Pere Antoni",La ciutat del fum,1904,LIT,no,central,003182_La_ciutat_del_fum.out.txt,40
doc_003183,3183,"Maragall, Joan",Les disperses,1904,LIT,no,central,003183_Les_disperses.out.txt,164
doc_003184,3184,"Bofill i Mates, Jaume",La montanya d'amethystes,1908,LIT,no,central,003184_La_montanya_d_amethystes.out.txt,533
doc_003185,3185,"Arús i Arderiu, Rossend",Cartas á la dona,1877,LIT,no,central,003185_Cartas_a_la_dona.out.txt,19
doc_003186,3186,"Maspons i Labrós, Maria del Pilar",Narracions y llegendas,1874,LIT,no,central,003186_Narracions_y_llegendas.out.txt,391
doc_003187,3187,"Nadal i Canudas, Lluís Bertran",Qüestió de nom,1881,LIT,no,central,003187_Questio_de_nom.out.txt,305
doc_003188,3188,"Vidal i de Valenciano, Gaietà",La familia del Mas dels Salzers,1880,LIT,no,central,003188_La_familia_del_Mas_dels_Salzers.out.txt,299
doc_003189,3189,"Careta i Vidal, Antoni",Quadros de Barcelona,1876,LIT,no,central,003189_Quadros_de_Barcelona.out.txt,258
doc_003190,3190,"Oller, Narcís",Isabel de Galceran,1880,LIT,no,central,003190_Isabel_de_Galceran.out.txt,103
doc_003191,3191,"Vidal i de Valenciano, Gaietà",La pubilla del Mas de Dalt,1866,LIT,no,central,003191_La_pubilla_del_Mas_de_Dalt.out.txt,507
doc_003192,3192,"Vidal i Rosich, Cosme",La gent del llamp,1903,LIT,no,central,003192_La_gent_del_llamp.out.txt,288
doc_003193,3193,"Casellas, Raimon","¡Déunos aygua, magestat!",1898,LIT,no,central,003193_Deunos_aygua_magestat.out.txt,52
doc_003195,3195,"Ruyra, Joaquim",Jacobé,1902,LIT,no,central,003195_Jacobe.out.txt,82
doc_003196,3196,"Navarro i Llombart, Carmel",La copa d'argent,1887,LIT,no,valencià,003196_La_copa_d_argent.out.txt,52
doc_003197,3197,"Marinel·lo, Manuel",Lluhernas,1898,LIT,no,central,003197_Lluhernas.out.txt,530
doc_003198,3198,"Maragall, Joan",Visions & Cants,1900,LIT,no,central,003198_Visions__Cants.out.txt,192
doc_003199,3199,"Verdaguer, Jacint",Flors del Calvari,1896,LIT,no,central,003199_Flors_del_Calvari.out.txt,509
doc_003200,3200,"Mestres, Apel·les",La garba,1891,LIT,no,central,003200_La_garba.out.txt,248
doc_003259,3259,"Albert i Pey, Salvador",Involució,1908,LIT,no,central,003259_Involucio.out.txt,297
doc_003260,3260,"Fontova, Lleó",La pór guarda la vinya,1866,LIT,no,central,003260_La_por_guarda_la_vinya.out.txt,397
doc_003261,3261,"Palanca i Roca, Francesc",La millor raó el trabuc,1859,LIT,no,valencià,003261_La_millor_rao_el_trabuc.out.txt,260
doc_003263,3263,"Bernat i Baldoví, Josep",L'agüelo Pollastre,1859,LIT,no,valencià,003263_L_aguelo_Pollastre.out.txt,209
doc_003264,3264,"Maragall, Joan",Nausica,1913,LIT,no,central,003264_Nausica.out.txt,367
doc_003265,3265,"Aguiló i Forteza, Tomàs",Poesías fantásticas en mallorquí,1852,LIT,no,baleàric,003265_Poesias_fantasticas_en_mallorqui.out.txt,252
doc_003266,3266,"Verdaguer, Jacint",Roser de tot l'any,1894,LIT,no,central,003266_Roser_de_tot_l_any.out.txt,634
doc_003267,3267,"Penya i Nicolau, Pere d'Alcàntara",Records y esperançes,1885,LIT,no,baleàric,003267_Records_y_esperances.out.txt,287
doc_003268,3268,"Collell, Jaume",Altra peregrinació del venturós peregrí,1871,LIT,no,central,003268_Altra_peregrinacio_del_venturos_peregri.out.txt,16
doc_003271,3271,"Cardona i Pons, Guillem",Coblas fetas sobre la vinguda de SS. MM. y Real familia en Mahó,1861,LIT,no,baleàric,003271_Coblas_fetas_sobre_la_vinguda_de_SS_MM_y.out.txt,80
doc_003272,3272,"Villamartín, Isabel de",La desposada de Déu,1862,LIT,no,central,003272_La_desposada_de_Deu.out.txt,48
doc_003273,3273,"Verdaguer, Jacint","Dos mártirs de ma patria, ó siga Lluciá y Marciá",1865,LIT,no,central,003273_Dos_martirs_de_ma_patria_o_siga_Llucia_y.out.txt,106
doc_003274,3274,"Aguiló, Marià",Les flors de montanya,1868,LIT,no,baleàric,003274_Les_flors_de_montanya.out.txt,2
doc_003275,3275,"Verdaguer, Jacint",Romans llegit á l'ombra de la Font del Desmay,1869,LIT,no,central,003275_Romans_llegit_a_l_ombra_de_la_Font_del_D.out.txt,9
doc_003276,3276,"Tarongí, Josep",A ma patria,1875,LIT,no,baleàric,003276_A_ma_patria.out.txt,56
doc_003277,3277,"Pepratx, Justí",Espigas y flors,1882,LIT,no,septentrional,003277_Espigas_y_flors.out.txt,31
doc_003278,3278,"Verdaguer, Jacint",A Barcelona,1883,LIT,no,central,003278_A_Barcelona.out.txt,46
doc_003281,3281,"Verdaguer, Jacint",Al cel,1903,LIT,no,central,003281_Al_cel.out.txt,204
doc_003282,3282,"Sanmartín i Aguirre, Josep Francesc",Del agre dols,1900,LIT,no,valencià,003282_Del_agre_dols.out.txt,74
doc_003283,3283,"Verdaguer, Jacint",La Atlántida,1878,LIT,no,central,003283_La_Atlantida.out.txt,574
doc_003284,3284,"Bofarull, Antoni de",Costums que's perden y recorts que fugen,1880,LIT,no,central,003284_Costums_que_s_perden_y_recorts_que_fugen.out.txt,125
doc_003285,3285,"Fayos Antony, Francesc",La dona,1880,LIT,no,valencià,003285_La_dona.out.txt,24
doc_003286,3286,"Obrador i Bennàssar, Mateu",Devers dels homens,1877,LIT,sí,baleàric,003286_Devers_dels_homens.out.txt,325
doc_003287,3287,"Argullol, Josep d'",Las órfanas de mare,1872,LIT,no,central,003287_Las_orfanas_de_mare.out.txt,982
doc_003290,3290,"Maspons i Labrós, Francesc","Lo rondallayre, III",1875,LIT,no,central,003290_Lo_rondallayre_III.out.txt,962
doc_003291,3291,"Almirall, Valentí",Lo catalanisme,1886,LIT,no,central,003291_Lo_catalanisme.out.txt,700
doc_003293,3293,"Calvet de Budallés, Damas",La romería de Recasens,1864,LIT,no,central,003293_La_romeria_de_Recasens.out.txt,530
doc_003294,3294,"Soler, Frederic; Passarell, Frederic",Liceistas y cruzados,1865,LIT,no,central,003294_Liceistas_y_cruzados.out.txt,882
doc_003296,3296,"Guimerà, Àngel",La llengua catalana,1896,LIT,no,central,003296_La_llengua_catalana.out.txt,39
doc_003297,3297,"Corominas, Pere",Les albes de la vida,1908,LIT,no,central,003297_Les_albes_de_la_vida.out.txt,124
doc_003299,3299,"Ruyra, Joaquim",Del mal-parlar,1913,LIT,no,central,003299_Del_mal-parlar.out.txt,13
doc_003300,3300,"Arnau, Josep Maria",La pubilla del Vallés,1865,LIT,no,central,003300_La_pubilla_del_Valles.out.txt,819
doc_003301,3301,"Campmany i Pahissa, Narcís",La noya del entressuelo,1867,LIT,no,central,003301_La_noya_del_entressuelo.out.txt,716
doc_003302,3302,"Arús i Arderiu, Rossend",La Caritat,1874,LIT,no,central,003302_La_Caritat.out.txt,152
doc_003303,3303,"Codolosa i Riera, Josep Maria",Lo bram del ruch,1883,LIT,no,central,003303_Lo_bram_del_ruch.out.txt,308
doc_003304,3304,"Riera i Bertran, Joaquim",Com l'anell al dit,1884,LIT,no,central,003304_Com_l_anell_al_dit.out.txt,698
doc_003305,3305,"Pin i Soler, Josep",La Sirena,1891,LIT,no,central,003305_La_Sirena.out.txt,885
doc_003307,3307,"Penya i Nicolau, Pere d'Alcàntara",Mestre Fornari,1900,LIT,no,baleàric,003307_Mestre_Fornari.out.txt,276
doc_003308,3308,"Baró, Teodor",L'apotecari de Malgrat,1900,LIT,no,central,003308_L_apotecari_de_Malgrat.out.txt,308
doc_003309,3309,"Guimerà, Àngel",Andrónica,1905,LIT,no,central,003309_Andronica.out.txt,857
doc_003310,3310,"Calvet de Budallés, Damas",Á la voreta del mar,1874,LIT,no,central,003310_a_la_voreta_del_mar.out.txt,89
doc_003311,3311,"Dimas i Graells, Joaquim",De rebot,1877,LIT,no,central,003311_De_rebot.out.txt,303
doc_003312,3312,"Vives i Azpiroz, Rafael","Qui canta, plora",1877,LIT,no,valencià,003312_Qui_canta_plora.out.txt,290
doc_003313,3313,"Alomar, Gabriel",La pena de mort,1912,LIT,no,baleàric,003313_La_pena_de_mort.out.txt,36
doc_003315,3315,"Barberà i Canturri, Josep Maria",Lo prodigi del sigle,1868,LIT,no,central,003315_Lo_prodigi_del_sigle.out.txt,792
doc_003316,3316,J. S.,Poesias dedicadas á la felís memoria del célebre y admirable predicador apostolich catalá mosen Anton Claret,1844,LIT,no,central,003316_Poesias_dedicadas_a_la_felis_memoria_del.out.txt,158
doc_003317,3317,"Asensio d'Alcàntara, Joaquim",Mistos,1866,LIT,no,central,003317_Mistos.out.txt,224
doc_003318,3318,"Millàs i Casanoves, Manuel",Cascarrábies,1889,LIT,no,valencià,003318_Cascarrabies.out.txt,297
doc_003319,3319,"Escalante, Eduard",La sastreseta,1867,LIT,no,valencià,003319_La_sastreseta.out.txt,323
doc_003321,3321,"Renart i Arús, Francesc",El regreso despues del cólera,1835,LIT,no,central,003321_El_regreso_despues_del_colera.out.txt,290
doc_003322,3322,D. R. M.,La caida de Morella,1842,LIT,no,central,003322_La_caida_de_Morella.out.txt,215
doc_003323,3323,Anònim,El cristino y el carlista,1839,LIT,no,central,003323_El_cristino_y_el_carlista.out.txt,32
doc_003325,3325,"Escalante, Eduard",Milacre de la muda,1855,LIT,no,valencià,003325_Milacre_de_la_muda.out.txt,132
doc_003326,3326,"Lladró i Mallí, Ramon",La demaná de una novia,1858,LIT,no,valencià,003326_La_demana_de_una_novia.out.txt,230
doc_003327,3327,"Ferrer i Fernández, Josep Antoni",Ja hi van al África,1860,LIT,no,central,003327_Ja_hi_van_al_africa.out.txt,72
doc_003328,3328,Anònim,"La quinta, ó sía D. Jusep Buscalas-totas",1860,LIT,no,central,003328_La_quinta_o_sia_D_Jusep_Buscalas-totas.out.txt,116
doc_003329,3329,"Escalante, Eduard","El dèu, dènau y noranta",1861,LIT,no,valencià,003329_El_deu_denau_y_noranta.out.txt,306
doc_003330,3330,"Liern i Cerach, Rafael Maria",En les festes d'un carrer,1861,LIT,no,valencià,003330_En_les_festes_d_un_carrer.out.txt,395
doc_003331,3331,"Vidal i de Valenciano, Eduard",Tal farás tal trobarás,1865,LIT,no,central,003331_Tal_faras_tal_trobaras.out.txt,537
doc_003333,3333,"Escalante, Eduard; Balader i Sanchis, Joaquim",L'aguelo Cuc,1877,LIT,no,valencià,003333_L_aguelo_Cuc.out.txt,245
doc_003334,3334,"Colomer, Conrad",Cuants més serem més riurem ó la cartilaginotalgia,1877,LIT,no,central,003334_Cuants_mes_serem_mes_riurem_o_la_cartila.out.txt,262
doc_003335,3335,"Escalante, Eduard","Oros son trunfos, ó un solero del hortet",1878,LIT,no,valencià,003335_Oros_son_trunfos_o_un_solero_del_hortet.out.txt,271
doc_003336,3336,"Guimerà, Àngel",Mar y cel,1888,LIT,no,central,003336_Mar_y_cel.out.txt,834
doc_003337,3337,"Guimerà, Àngel",La filla del mar,1900,LIT,no,central,003337_La_filla_del_mar.out.txt,1409
doc_003338,3338,"Àngeles i Luís, Pere Josep; Burgos, Enric",Avans de la prosesó,1901,LIT,no,valencià,003338_Avans_de_la_proseso.out.txt,644
doc_003339,3339,"Crehuet, Pompeu",La morta,1904,LIT,no,central,003339_La_morta.out.txt,355
doc_003341,3341,"Altet i Ruate, Benet",Sen Vicènt,1855,LIT,no,valencià,003341_Sen_Vicent.out.txt,27
doc_003344,3344,"Estorch i Siqués, Pau",Poesias,1851,LIT,no,central,003344_Poesias.out.txt,470
doc_003345,3345,"Estorch i Siqués, Pau",Poesias. Segon repich,1852,LIT,no,central,003345_Poesias_Segon_repich.out.txt,318
doc_003346,3346,"Estorch i Siqués, Pau",Poesias. Tercer repich,1855,LIT,no,central,003346_Poesias_Tercer_repich.out.txt,152
doc_003347,3347,"Estorch i Siqués, Pau",Poesias. Quart y últim repich,1856,LIT,no,central,003347_Poesias_Quart_y_ultim_repich.out.txt,233
doc_003348,3348,"Altet i Ruate, Benet",Deu y lo mon,1854,LIT,no,valencià,003348_Deu_y_lo_mon.out.txt,73
doc_003349,3349,"Verdaguer, Jacint",Passió de nostre senyor Jesuchrist,1873,LIT,no,central,003349_Passio_de_nostre_senyor_Jesuchrist.out.txt,49
doc_003350,3350,Anònim,Lo doctor Pulsagueras en los encants,1854,LIT,no,central,003350_Lo_doctor_Pulsagueras_en_los_encants.out.txt,157
doc_003362,3362,"Montoliu, Cebrià de",L'amistat,1904,LIT,sí,baleàric,003362_L_amistat.out.txt,28
doc_003364,3364,"Karr i Alfonsetti, Carme",Primera conferencia,1910,LIT,no,central,003364_Primera_conferencia.out.txt,122
doc_003366,3366,"Navarro i Llombart, Carmel",Lo darrer agermanat,1883,LIT,no,valencià,003366_Lo_darrer_agermanat.out.txt,399
doc_003367,3367,"Singala, Bartomeu",Els glosadors d'altra temps,1887,LIT,no,baleàric,003367_Els_glosadors_d_altra_temps.out.txt,790
doc_003368,3368,"Rius i Vidal, Àngel; Bonavia i Flores, Salvador",Lo pinxo de la Bordeta,1899,LIT,no,central,003368_Lo_pinxo_de_la_Bordeta.out.txt,283
doc_003370,3370,"Tintorer i Vilaseca, Emili; Pujulà i Vallès, Frederic",Dintre la gabia,1906,LIT,no,central,003370_Dintre_la_gabia.out.txt,171
doc_003372,3372,"Aguiló i Cortès, Tomàs",Rondaya de rondayas,1834,LIT,no,baleàric,003372_Rondaya_de_rondayas.out.txt,22
doc_003373,3373,"Martí i Cortada, Miquel Anton",Llágrimas de la viudésa,1839,LIT,no,central,003373_Llagrimas_de_la_viudesa.out.txt,47
doc_003374,3374,"Aguiló i Cortès, Tomàs",Fábulas en vers mallorqui,1846,LIT,no,baleàric,003374_Fabulas_en_vers_mallorqui.out.txt,24
doc_003375,3375,"Tarongí, Josep",Lo trovador mallorquí,1883,LIT,no,baleàric,003375_Lo_trovador_mallorqui.out.txt,570
doc_003376,3376,"Cortiella, Felip",El cantor de l'ideal,1901,LIT,no,central,003376_El_cantor_de_l_ideal.out.txt,30
doc_003377,3377,"Verdaguer, Jacint",Excursions y viatjes,1887,LIT,no,central,003377_Excursions_y_viatjes.out.txt,411
doc_003379,3379,"Maragall, Joan",Elogis,1912,LIT,no,central,003379_Elogis.out.txt,181
doc_003381,3381,"Aribau, Bonaventura Carles",La patria,1833,LIT,no,central,003381_La_patria.out.txt,12
doc_003382,3382,"Villarroya, Tomàs",Canzó: pera el Album de la senyora Antonia de Montenegro,1840,LIT,no,valencià,003382_Canzo_pera_el_Album_de_la_senyora_Antoni.out.txt,4
doc_003383,3383,"Villarroya, Tomàs",Canzó: a la mort del pintor valenciá D. Antoni Ca bana,1840,LIT,no,valencià,003383_Canzo_a_la_mort_del_pintor_valencia_D_An.out.txt,2
doc_003384,3384,"Villarroya, Tomàs",Canzó,1841,LIT,no,valencià,003384_Canzo.out.txt,13
doc_003385,3385,"Villarroya, Tomàs",¡A Deu!: a la Sra. Doña Antonia de Montenegro,1841,LIT,no,valencià,003385_A_Deu_a_la_Sra_Dona_Antonia_de_Montenegr.out.txt,13
doc_003390,3390,"Prat i Solà, Josep Melcior; Busanyà, Ramon",Lo sant evangeli de Jesu-Christ segons sant Joan,1832,LIT,sí,central,003390_Lo_sant_evangeli_de_Jesu-Christ_segons_s.out.txt,875
doc_003391,3391,"Prat i Solà, Josep Melcior; Busanyà, Ramon",Los fets dels apóstols,1832,LIT,sí,central,003391_Los_fets_dels_apostols.out.txt,1005
doc_003392,3392,"Febrer i Cardona, Antoni",Els sálms de David,1840,LIT,sí,baleàric,003392_Els_salms_de_David.out.txt,173
doc_003394,3394,"Casas-Carbó, Joaquim",El sant evangeli de nostre senyor Jesucrist segons sant Joan,1914,LIT,sí,central,003394_El_sant_evangeli_de_nostre_senyor_Jesucr.out.txt,877
doc_003407,3407,"Soler, Frederic",La campana de Sant Llop,1878,LIT,no,central,003407_La_campana_de_Sant_Llop.out.txt,828
